timestamps,agg_signal,p300_signal_id
15:31.0,3.311661365,p300_sig_id_0
15:31.0,3.311661365,p300_sig_id_0
15:31.0,3.311661365,p300_sig_id_0
15:31.0,3.311661365,p300_sig_id_0
15:31.0,3.311661365,p300_sig_id_0
15:31.0,3.311661365,p300_sig_id_0
15:31.0,3.311661365,p300_sig_id_0
15:31.0,3.311661365,p300_sig_id_0
15:31.0,3.311661365,p300_sig_id_0
15:31.1,3.311661365,p300_sig_id_0
15:31.1,3.311661365,p300_sig_id_0
15:31.1,3.311661365,p300_sig_id_0
15:31.1,3.311661365,p300_sig_id_0
15:31.1,3.311661365,p300_sig_id_0
15:31.1,3.311661365,p300_sig_id_0
15:31.1,3.311661365,p300_sig_id_0
15:31.1,3.311661365,p300_sig_id_0
15:31.1,3.311661365,p300_sig_id_0
15:31.1,3.311661365,p300_sig_id_0
15:31.1,3.311661365,p300_sig_id_0
15:31.1,3.311661365,p300_sig_id_0
15:31.1,3.311661365,p300_sig_id_0
15:31.1,3.311661365,p300_sig_id_0
15:31.1,3.311661365,p300_sig_id_0
15:31.1,3.311661365,p300_sig_id_0
15:31.1,3.311661365,p300_sig_id_0
15:31.1,3.311661365,p300_sig_id_0
15:31.1,3.311661365,p300_sig_id_0
15:31.1,3.311661365,p300_sig_id_0
15:31.1,3.311661365,p300_sig_id_0
15:31.1,3.311661365,p300_sig_id_0
15:31.1,3.311661365,p300_sig_id_0
15:31.1,3.311661365,p300_sig_id_0
15:31.2,3.311661365,p300_sig_id_0
15:31.2,3.311661365,p300_sig_id_0
15:31.2,3.311661365,p300_sig_id_0
15:31.2,3.311661365,p300_sig_id_0
15:31.2,3.311661365,p300_sig_id_0
15:31.2,3.311661365,p300_sig_id_0
15:31.2,3.311661365,p300_sig_id_0
15:31.2,3.311661365,p300_sig_id_0
15:31.2,3.311661365,p300_sig_id_0
15:31.2,3.311661365,p300_sig_id_0
15:31.2,3.311661365,p300_sig_id_0
15:31.2,3.311661365,p300_sig_id_0
15:31.2,3.311661365,p300_sig_id_0
15:31.2,3.311661365,p300_sig_id_0
15:31.2,3.311661365,p300_sig_id_0
15:31.2,3.311661365,p300_sig_id_0
15:31.2,3.311661365,p300_sig_id_0
15:31.2,3.311661365,p300_sig_id_0
15:31.2,3.311661365,p300_sig_id_0
15:31.2,3.311661365,p300_sig_id_0
15:31.2,3.311661365,p300_sig_id_0
15:31.2,3.311661365,p300_sig_id_0
15:31.2,3.311661365,p300_sig_id_0
15:31.2,3.311661365,p300_sig_id_0
15:31.3,3.311661365,p300_sig_id_0
15:31.3,3.311661365,p300_sig_id_0
15:31.3,3.311661365,p300_sig_id_0
15:31.3,3.311661365,p300_sig_id_0
15:31.3,3.311661365,p300_sig_id_0
15:31.3,3.311661365,p300_sig_id_0
15:31.3,3.311661365,p300_sig_id_0
15:31.3,3.311661365,p300_sig_id_0
15:31.3,3.311661365,p300_sig_id_0
15:31.3,3.311661365,p300_sig_id_0
15:31.3,3.311661365,p300_sig_id_0
15:31.3,3.311661365,p300_sig_id_0
15:31.3,3.311661365,p300_sig_id_0
15:31.3,3.311661365,p300_sig_id_0
15:31.3,3.311661365,p300_sig_id_0
15:31.3,3.311661365,p300_sig_id_0
15:31.3,3.311661365,p300_sig_id_0
15:31.3,3.311661365,p300_sig_id_0
15:31.3,3.311661365,p300_sig_id_0
15:31.3,3.311661365,p300_sig_id_0
15:31.3,3.311661365,p300_sig_id_0
15:31.3,3.311661365,p300_sig_id_0
15:31.3,3.311661365,p300_sig_id_0
15:31.3,3.311661365,p300_sig_id_0
15:31.4,3.311661365,p300_sig_id_0
15:31.4,3.311661365,p300_sig_id_0
15:31.4,3.311661365,p300_sig_id_0
15:31.4,3.311661365,p300_sig_id_0
15:31.4,3.311661365,p300_sig_id_0
15:31.4,3.311661365,p300_sig_id_0
15:31.4,3.311661365,p300_sig_id_0
15:31.4,3.311661365,p300_sig_id_0
15:31.4,3.311661365,p300_sig_id_0
15:31.4,3.311661365,p300_sig_id_0
15:31.4,3.311661365,p300_sig_id_0
15:31.4,3.311661365,p300_sig_id_0
15:31.4,3.311661365,p300_sig_id_0
15:31.4,3.311661365,p300_sig_id_0
15:31.4,3.311661365,p300_sig_id_0
15:31.4,3.311661365,p300_sig_id_0
15:31.4,3.311661365,p300_sig_id_0
15:31.4,3.311661365,p300_sig_id_0
15:31.4,3.311661365,p300_sig_id_0
15:31.4,3.311661365,p300_sig_id_0
15:31.4,3.311661365,p300_sig_id_0
15:31.4,3.311661365,p300_sig_id_0
15:31.4,3.311661365,p300_sig_id_0
15:31.4,3.311661365,p300_sig_id_0
15:31.5,3.311661365,p300_sig_id_0
15:31.5,3.311661365,p300_sig_id_0
15:31.5,3.311661365,p300_sig_id_0
15:31.5,3.311661365,p300_sig_id_0
15:31.5,3.311661365,p300_sig_id_0
15:31.5,3.308273946,p300_sig_id_0
15:31.5,3.308273946,p300_sig_id_0
15:31.5,3.308273946,p300_sig_id_0
15:31.5,3.308273946,p300_sig_id_0
15:31.5,3.308273946,p300_sig_id_0
15:31.5,3.308273946,p300_sig_id_0
15:31.5,3.308273946,p300_sig_id_0
15:31.5,3.308273946,p300_sig_id_0
15:31.5,3.308273946,p300_sig_id_0
15:31.5,3.308273946,p300_sig_id_0
15:31.5,3.308273946,p300_sig_id_0
15:31.5,3.308273946,p300_sig_id_0
15:31.5,3.308273946,p300_sig_id_0
15:31.5,3.308273946,p300_sig_id_0
15:31.5,3.308273946,p300_sig_id_0
15:31.5,3.308273946,p300_sig_id_0
15:31.5,3.308273946,p300_sig_id_0
15:31.5,3.308273946,p300_sig_id_0
15:31.5,3.308273946,p300_sig_id_0
15:31.6,3.308273946,p300_sig_id_0
15:31.6,3.308273946,p300_sig_id_0
15:31.6,3.308273946,p300_sig_id_0
15:31.6,3.308273946,p300_sig_id_0
15:31.6,3.308273946,p300_sig_id_0
15:31.6,3.308273946,p300_sig_id_0
15:31.6,3.308273946,p300_sig_id_0
15:31.6,3.308273946,p300_sig_id_0
15:31.6,3.308273946,p300_sig_id_0
15:31.6,3.308273946,p300_sig_id_0
15:31.6,3.308273946,p300_sig_id_0
15:31.6,3.308273946,p300_sig_id_0
15:31.6,3.308273946,p300_sig_id_0
15:31.6,3.308273946,p300_sig_id_0
15:31.6,3.308273946,p300_sig_id_0
15:31.6,3.308273946,p300_sig_id_0
15:31.6,3.308273946,p300_sig_id_0
15:31.6,3.308273946,p300_sig_id_0
15:31.6,3.308273946,p300_sig_id_0
15:31.6,3.308273946,p300_sig_id_0
15:31.6,3.308273946,p300_sig_id_0
15:31.6,3.308273946,p300_sig_id_0
15:31.6,3.308273946,p300_sig_id_0
15:31.6,3.308273946,p300_sig_id_0
15:31.6,3.308273946,p300_sig_id_0
15:31.6,3.308273946,p300_sig_id_0
15:31.6,3.308273946,p300_sig_id_0
15:31.6,3.308273946,p300_sig_id_0
15:31.6,3.308273946,p300_sig_id_0
15:31.6,3.308273946,p300_sig_id_0
15:31.6,3.308273946,p300_sig_id_0
15:31.6,3.308273946,p300_sig_id_0
15:31.6,3.308273946,p300_sig_id_0
15:31.6,3.308273946,p300_sig_id_0
15:31.6,3.308273946,p300_sig_id_0
15:31.6,3.308273946,p300_sig_id_0
15:31.7,3.308273946,p300_sig_id_0
15:31.7,3.308273946,p300_sig_id_0
15:31.7,3.308273946,p300_sig_id_0
15:31.7,3.308273946,p300_sig_id_0
15:31.7,3.308273946,p300_sig_id_0
15:31.7,3.308273946,p300_sig_id_0
15:31.7,3.308273946,p300_sig_id_0
15:31.7,3.308273946,p300_sig_id_0
15:31.7,3.308273946,p300_sig_id_0
15:31.7,3.308273946,p300_sig_id_0
15:31.7,3.308273946,p300_sig_id_0
15:31.7,3.308273946,p300_sig_id_0
15:31.7,3.308273946,p300_sig_id_0
15:31.7,3.308273946,p300_sig_id_0
15:31.7,3.308273946,p300_sig_id_0
15:31.7,3.308273946,p300_sig_id_0
15:31.7,3.308273946,p300_sig_id_0
15:31.7,3.308273946,p300_sig_id_0
15:31.7,3.308273946,p300_sig_id_0
15:31.7,3.308273946,p300_sig_id_0
15:31.7,3.308273946,p300_sig_id_0
15:31.7,3.308273946,p300_sig_id_0
15:31.7,3.308273946,p300_sig_id_0
15:31.7,3.308273946,p300_sig_id_0
15:31.8,3.308273946,p300_sig_id_0
15:31.8,3.308273946,p300_sig_id_0
15:31.8,3.308273946,p300_sig_id_0
15:31.8,3.308273946,p300_sig_id_0
15:31.8,3.308273946,p300_sig_id_0
15:31.8,3.308273946,p300_sig_id_0
15:31.8,3.308273946,p300_sig_id_0
15:31.8,3.308273946,p300_sig_id_0
15:31.8,3.308273946,p300_sig_id_0
15:31.8,3.308273946,p300_sig_id_0
15:31.8,3.308273946,p300_sig_id_0
15:31.8,3.308273946,p300_sig_id_0
15:31.8,3.308273946,p300_sig_id_0
15:31.8,3.308273946,p300_sig_id_0
15:31.8,3.308273946,p300_sig_id_0
15:31.8,3.308273946,p300_sig_id_0
15:31.8,3.308273946,p300_sig_id_0
15:31.8,3.308273946,p300_sig_id_0
15:31.8,3.308273946,p300_sig_id_0
15:31.8,3.308273946,p300_sig_id_0
15:31.8,3.308273946,p300_sig_id_0
15:31.8,3.308273946,p300_sig_id_0
15:31.8,3.308273946,p300_sig_id_0
15:31.8,3.308273946,p300_sig_id_0
15:31.9,3.308273946,p300_sig_id_0
15:31.9,3.308273946,p300_sig_id_0
15:31.9,3.308273946,p300_sig_id_0
15:31.9,3.308273946,p300_sig_id_0
15:31.9,3.308273946,p300_sig_id_0
15:31.9,3.308273946,p300_sig_id_0
15:31.9,3.308273946,p300_sig_id_0
15:31.9,3.308273946,p300_sig_id_0
15:31.9,3.308273946,p300_sig_id_0
15:31.9,3.308273946,p300_sig_id_0
15:31.9,3.308273946,p300_sig_id_0
15:31.9,3.308273946,p300_sig_id_0
15:31.9,3.308273946,p300_sig_id_0
15:31.9,3.308273946,p300_sig_id_0
15:31.9,3.308273946,p300_sig_id_0
15:31.9,3.308273946,p300_sig_id_0
15:31.9,3.308273946,p300_sig_id_0
15:31.9,3.308273946,p300_sig_id_0
15:31.9,3.308273946,p300_sig_id_0
15:31.9,3.308273946,p300_sig_id_0
15:31.9,3.308273946,p300_sig_id_0
15:31.9,3.308273946,p300_sig_id_0
15:31.9,3.308273946,p300_sig_id_0
15:31.9,3.308273946,p300_sig_id_0
15:32.0,3.308273946,p300_sig_id_0
15:32.0,3.308273946,p300_sig_id_0
15:32.0,3.308273946,p300_sig_id_0
15:32.0,1.261218735,p300_sig_id_0
15:32.0,1.261218735,p300_sig_id_0
15:32.0,1.261218735,p300_sig_id_0
15:32.0,1.261218735,p300_sig_id_0
15:32.0,1.261218735,p300_sig_id_0
15:32.0,1.261218735,p300_sig_id_0
15:32.0,1.261218735,p300_sig_id_0
15:32.0,1.261218735,p300_sig_id_0
15:32.0,1.261218735,p300_sig_id_0
15:32.0,1.261218735,p300_sig_id_0
15:32.0,1.261218735,p300_sig_id_0
15:32.0,1.261218735,p300_sig_id_0
15:32.0,1.261218735,p300_sig_id_0
15:32.0,1.261218735,p300_sig_id_0
15:32.0,1.261218735,p300_sig_id_0
15:32.0,1.261218735,p300_sig_id_0
15:32.0,1.261218735,p300_sig_id_0
15:32.0,1.261218735,p300_sig_id_0
15:32.0,1.261218735,p300_sig_id_0
15:32.0,1.261218735,p300_sig_id_0
15:32.0,1.261218735,p300_sig_id_0
15:32.1,1.261218735,p300_sig_id_0
15:32.1,1.261218735,p300_sig_id_0
15:32.1,1.261218735,p300_sig_id_0
15:32.1,1.261218735,p300_sig_id_0
15:32.1,1.261218735,p300_sig_id_0
15:32.1,1.3549182,p300_sig_id_0
15:32.1,1.3549182,p300_sig_id_0
15:32.1,1.3549182,p300_sig_id_0
15:32.1,1.3549182,p300_sig_id_0
15:32.1,1.3549182,p300_sig_id_0
15:32.1,1.3549182,p300_sig_id_0
15:32.1,1.3549182,p300_sig_id_0
15:32.1,1.3549182,p300_sig_id_0
15:32.1,1.3549182,p300_sig_id_0
15:32.1,1.3549182,p300_sig_id_0
15:32.1,1.3549182,p300_sig_id_0
15:32.1,1.3549182,p300_sig_id_0
15:32.1,1.3549182,p300_sig_id_0
15:32.1,1.3549182,p300_sig_id_0
15:32.1,1.3549182,p300_sig_id_0
15:32.1,1.3549182,p300_sig_id_0
15:32.1,1.3549182,p300_sig_id_0
15:32.1,1.3549182,p300_sig_id_0
15:32.1,1.3549182,p300_sig_id_0
15:32.2,1.3549182,p300_sig_id_0
15:32.2,1.3549182,p300_sig_id_0
15:32.2,1.3549182,p300_sig_id_0
15:32.2,1.3549182,p300_sig_id_0
15:32.2,1.3549182,p300_sig_id_0
15:32.2,1.3549182,p300_sig_id_0
15:32.2,1.3549182,p300_sig_id_0
15:32.2,1.46592463,p300_sig_id_0
15:32.2,1.46592463,p300_sig_id_0
15:32.2,1.46592463,p300_sig_id_0
15:32.2,1.46592463,p300_sig_id_0
15:32.2,1.46592463,p300_sig_id_0
15:32.2,1.46592463,p300_sig_id_0
15:32.2,1.46592463,p300_sig_id_0
15:32.2,1.46592463,p300_sig_id_0
15:32.2,1.46592463,p300_sig_id_0
15:32.2,1.46592463,p300_sig_id_0
15:32.2,1.46592463,p300_sig_id_0
15:32.2,1.46592463,p300_sig_id_0
15:32.2,1.46592463,p300_sig_id_0
15:32.2,1.46592463,p300_sig_id_0
15:32.2,1.46592463,p300_sig_id_0
15:32.2,1.46592463,p300_sig_id_0
15:32.2,1.46592463,p300_sig_id_0
15:32.3,1.46592463,p300_sig_id_0
15:32.3,1.46592463,p300_sig_id_0
15:32.3,1.46592463,p300_sig_id_0
15:32.3,1.46592463,p300_sig_id_0
15:32.3,1.46592463,p300_sig_id_0
15:32.3,1.46592463,p300_sig_id_0
15:32.3,1.46592463,p300_sig_id_0
15:32.3,1.46592463,p300_sig_id_0
15:32.3,1.46592463,p300_sig_id_0
15:32.3,1.5375975179999999,p300_sig_id_0
15:32.3,1.5375975179999999,p300_sig_id_0
15:32.3,1.5375975179999999,p300_sig_id_0
15:32.3,1.5375975179999999,p300_sig_id_0
15:32.3,1.5375975179999999,p300_sig_id_0
15:32.3,1.5375975179999999,p300_sig_id_0
15:32.3,1.5375975179999999,p300_sig_id_0
15:32.3,1.5375975179999999,p300_sig_id_0
15:32.3,1.5375975179999999,p300_sig_id_0
15:32.3,1.5375975179999999,p300_sig_id_0
15:32.3,1.5375975179999999,p300_sig_id_0
15:32.3,1.5375975179999999,p300_sig_id_0
15:32.3,1.5375975179999999,p300_sig_id_0
15:32.3,1.5375975179999999,p300_sig_id_0
15:32.3,1.5375975179999999,p300_sig_id_0
15:32.4,1.5375975179999999,p300_sig_id_0
15:32.4,1.5375975179999999,p300_sig_id_0
15:32.4,1.5375975179999999,p300_sig_id_0
15:32.4,1.5375975179999999,p300_sig_id_0
15:32.4,1.5375975179999999,p300_sig_id_0
15:32.4,1.5375975179999999,p300_sig_id_0
15:32.4,1.5375975179999999,p300_sig_id_0
15:32.4,1.5375975179999999,p300_sig_id_0
15:32.4,1.5375975179999999,p300_sig_id_0
15:32.4,1.5375975179999999,p300_sig_id_0
15:32.4,1.5375975179999999,p300_sig_id_0
15:32.4,1.554836624,p300_sig_id_0
15:32.4,1.554836624,p300_sig_id_0
15:32.4,1.554836624,p300_sig_id_0
15:32.4,1.554836624,p300_sig_id_0
15:32.4,1.554836624,p300_sig_id_0
15:32.4,1.554836624,p300_sig_id_0
15:32.4,1.554836624,p300_sig_id_0
15:32.4,1.554836624,p300_sig_id_0
15:32.4,1.554836624,p300_sig_id_0
15:32.4,1.554836624,p300_sig_id_0
15:32.4,1.554836624,p300_sig_id_0
15:32.4,1.554836624,p300_sig_id_0
15:32.4,1.554836624,p300_sig_id_0
15:32.5,1.554836624,p300_sig_id_0
15:32.5,1.554836624,p300_sig_id_0
15:32.5,1.554836624,p300_sig_id_0
15:32.5,1.554836624,p300_sig_id_0
15:32.5,1.554836624,p300_sig_id_0
15:32.5,1.554836624,p300_sig_id_0
15:32.5,1.554836624,p300_sig_id_0
15:32.5,1.554836624,p300_sig_id_0
15:32.5,1.554836624,p300_sig_id_0
15:32.5,1.554836624,p300_sig_id_0
15:32.5,1.554836624,p300_sig_id_0
15:32.5,1.554836624,p300_sig_id_0
15:32.5,1.554836624,p300_sig_id_0
15:32.5,1.528475918,p300_sig_id_0
15:32.5,1.528475918,p300_sig_id_0
15:32.5,1.528475918,p300_sig_id_0
15:32.5,1.528475918,p300_sig_id_0
15:32.5,1.528475918,p300_sig_id_0
15:32.5,1.528475918,p300_sig_id_0
15:32.5,1.528475918,p300_sig_id_0
15:32.5,1.528475918,p300_sig_id_0
15:32.5,1.528475918,p300_sig_id_0
15:32.5,1.528475918,p300_sig_id_0
15:32.5,1.528475918,p300_sig_id_0
15:32.5,1.528475918,p300_sig_id_0
15:32.5,1.528475918,p300_sig_id_0
15:32.5,1.528475918,p300_sig_id_0
15:32.5,1.528475918,p300_sig_id_0
15:32.5,1.528475918,p300_sig_id_0
15:32.5,1.528475918,p300_sig_id_0
15:32.5,1.528475918,p300_sig_id_0
15:32.5,1.528475918,p300_sig_id_0
15:32.5,1.528475918,p300_sig_id_0
15:32.5,1.528475918,p300_sig_id_0
15:32.5,1.528475918,p300_sig_id_0
15:32.5,1.528475918,p300_sig_id_0
15:32.6,1.528475918,p300_sig_id_0
15:32.6,1.528475918,p300_sig_id_0
15:32.6,1.528475918,p300_sig_id_0
15:32.6,1.4730174390000002,p300_sig_id_0
15:32.6,1.4730174390000002,p300_sig_id_0
15:32.6,1.4730174390000002,p300_sig_id_0
15:32.6,1.4730174390000002,p300_sig_id_0
15:32.6,1.4730174390000002,p300_sig_id_0
15:32.6,1.4730174390000002,p300_sig_id_0
15:32.6,1.4730174390000002,p300_sig_id_0
15:32.6,1.4730174390000002,p300_sig_id_0
15:32.6,1.4730174390000002,p300_sig_id_0
15:32.6,1.4730174390000002,p300_sig_id_0
15:32.6,1.4730174390000002,p300_sig_id_0
15:32.6,1.4730174390000002,p300_sig_id_0
15:32.6,1.4730174390000002,p300_sig_id_0
15:32.6,1.4730174390000002,p300_sig_id_0
15:32.6,1.4730174390000002,p300_sig_id_0
15:32.6,1.4730174390000002,p300_sig_id_0
15:32.6,1.4730174390000002,p300_sig_id_0
15:32.6,1.4730174390000002,p300_sig_id_0
15:32.6,1.4730174390000002,p300_sig_id_0
15:32.6,1.4730174390000002,p300_sig_id_0
15:32.6,1.4730174390000002,p300_sig_id_0
15:32.7,1.4730174390000002,p300_sig_id_0
15:32.7,1.4730174390000002,p300_sig_id_0
15:32.7,1.4730174390000002,p300_sig_id_0
15:32.7,1.4730174390000002,p300_sig_id_0
15:32.7,1.4730174390000002,p300_sig_id_0
15:32.7,1.418094329,p300_sig_id_0
15:32.7,1.418094329,p300_sig_id_0
15:32.7,1.418094329,p300_sig_id_0
15:32.7,1.418094329,p300_sig_id_0
15:32.7,1.418094329,p300_sig_id_0
15:32.7,1.418094329,p300_sig_id_0
15:32.7,1.418094329,p300_sig_id_0
15:32.7,1.418094329,p300_sig_id_0
15:32.7,1.418094329,p300_sig_id_0
15:32.7,1.418094329,p300_sig_id_0
15:32.7,1.418094329,p300_sig_id_0
15:32.7,1.418094329,p300_sig_id_0
15:32.7,1.418094329,p300_sig_id_0
15:32.7,1.418094329,p300_sig_id_0
15:32.7,1.418094329,p300_sig_id_0
15:32.7,1.418094329,p300_sig_id_0
15:32.7,1.418094329,p300_sig_id_0
15:32.7,1.418094329,p300_sig_id_0
15:32.7,1.418094329,p300_sig_id_0
15:32.7,1.418094329,p300_sig_id_0
15:32.7,1.418094329,p300_sig_id_0
15:32.7,1.418094329,p300_sig_id_0
15:32.7,1.418094329,p300_sig_id_0
15:32.7,1.418094329,p300_sig_id_0
15:32.7,1.418094329,p300_sig_id_0
15:32.7,1.418094329,p300_sig_id_0
15:32.7,1.3955347100000002,p300_sig_id_0
15:32.8,1.3955347100000002,p300_sig_id_0
15:32.8,1.3955347100000002,p300_sig_id_0
15:32.8,1.3955347100000002,p300_sig_id_0
15:32.8,1.3955347100000002,p300_sig_id_0
15:32.8,1.3955347100000002,p300_sig_id_0
15:32.8,1.3955347100000002,p300_sig_id_0
15:32.8,1.3955347100000002,p300_sig_id_0
15:32.8,1.3955347100000002,p300_sig_id_0
15:32.8,1.3955347100000002,p300_sig_id_0
15:32.8,1.3955347100000002,p300_sig_id_0
15:32.8,1.3955347100000002,p300_sig_id_0
15:32.8,1.3955347100000002,p300_sig_id_0
15:32.8,1.3955347100000002,p300_sig_id_0
15:32.8,1.3955347100000002,p300_sig_id_0
15:32.8,1.3955347100000002,p300_sig_id_0
15:32.8,1.3955347100000002,p300_sig_id_0
15:32.9,1.3955347100000002,p300_sig_id_0
15:32.9,1.3955347100000002,p300_sig_id_0
15:32.9,1.3955347100000002,p300_sig_id_0
15:32.9,1.3955347100000002,p300_sig_id_0
15:32.9,1.3955347100000002,p300_sig_id_0
15:32.9,1.3955347100000002,p300_sig_id_0
15:32.9,1.3955347100000002,p300_sig_id_0
15:32.9,1.3955347100000002,p300_sig_id_0
15:32.9,1.3955347100000002,p300_sig_id_0
15:32.9,1.410294957,p300_sig_id_0
15:32.9,1.410294957,p300_sig_id_0
15:32.9,1.410294957,p300_sig_id_0
15:32.9,1.410294957,p300_sig_id_0
15:32.9,1.410294957,p300_sig_id_0
15:32.9,1.410294957,p300_sig_id_0
15:32.9,1.410294957,p300_sig_id_0
15:32.9,1.410294957,p300_sig_id_0
15:32.9,1.410294957,p300_sig_id_0
15:32.9,1.410294957,p300_sig_id_0
15:32.9,1.410294957,p300_sig_id_0
15:32.9,1.410294957,p300_sig_id_0
15:32.9,1.410294957,p300_sig_id_0
15:32.9,1.410294957,p300_sig_id_0
15:32.9,1.410294957,p300_sig_id_0
15:32.9,1.410294957,p300_sig_id_0
15:32.9,1.410294957,p300_sig_id_0
15:32.9,1.410294957,p300_sig_id_0
15:32.9,1.410294957,p300_sig_id_0
15:32.9,1.410294957,p300_sig_id_0
15:32.9,1.410294957,p300_sig_id_0
15:32.9,1.410294957,p300_sig_id_0
15:32.9,1.410294957,p300_sig_id_0
15:32.9,1.410294957,p300_sig_id_0
15:32.9,1.410294957,p300_sig_id_0
15:32.9,1.410294957,p300_sig_id_0
15:32.9,1.427488558,p300_sig_id_0
15:33.0,1.427488558,p300_sig_id_0
15:33.0,1.427488558,p300_sig_id_0
15:33.0,1.427488558,p300_sig_id_0
15:33.0,1.427488558,p300_sig_id_0
15:33.0,1.427488558,p300_sig_id_0
15:33.0,1.427488558,p300_sig_id_0
15:33.0,1.427488558,p300_sig_id_0
15:33.0,1.427488558,p300_sig_id_0
15:33.0,1.427488558,p300_sig_id_0
15:33.0,1.427488558,p300_sig_id_0
15:33.0,1.427488558,p300_sig_id_0
15:33.0,1.427488558,p300_sig_id_0
15:33.1,1.427488558,p300_sig_id_0
15:33.1,1.427488558,p300_sig_id_0
15:33.1,1.427488558,p300_sig_id_0
15:33.1,1.427488558,p300_sig_id_0
15:33.1,1.427488558,p300_sig_id_0
15:33.1,1.427488558,p300_sig_id_0
15:33.1,1.427488558,p300_sig_id_0
15:33.1,1.427488558,p300_sig_id_0
15:33.1,1.427488558,p300_sig_id_0
15:33.1,1.427488558,p300_sig_id_0
15:33.1,1.427488558,p300_sig_id_0
15:33.1,1.427488558,p300_sig_id_0
15:33.1,1.427488558,p300_sig_id_0
15:33.1,1.467583197,p300_sig_id_0
15:33.1,1.467583197,p300_sig_id_0
15:33.1,1.467583197,p300_sig_id_0
15:33.1,1.467583197,p300_sig_id_0
15:33.1,1.467583197,p300_sig_id_0
15:33.1,1.467583197,p300_sig_id_0
15:33.1,1.467583197,p300_sig_id_0
15:33.1,1.467583197,p300_sig_id_0
15:33.1,1.467583197,p300_sig_id_0
15:33.1,1.467583197,p300_sig_id_0
15:33.1,1.467583197,p300_sig_id_0
15:33.2,1.467583197,p300_sig_id_0
15:33.2,1.467583197,p300_sig_id_0
15:33.2,1.467583197,p300_sig_id_0
15:33.2,1.467583197,p300_sig_id_0
15:33.2,1.467583197,p300_sig_id_0
15:33.2,1.467583197,p300_sig_id_0
15:33.2,1.467583197,p300_sig_id_0
15:33.2,1.467583197,p300_sig_id_0
15:33.2,1.467583197,p300_sig_id_0
15:33.2,1.467583197,p300_sig_id_0
15:33.2,1.467583197,p300_sig_id_0
15:33.2,1.467583197,p300_sig_id_0
15:33.2,1.467583197,p300_sig_id_0
15:33.2,1.467583197,p300_sig_id_0
15:33.2,1.467583197,p300_sig_id_0
15:33.2,1.544524705,p300_sig_id_0
15:33.2,1.544524705,p300_sig_id_0
15:33.2,1.544524705,p300_sig_id_0
15:33.2,1.544524705,p300_sig_id_0
15:33.2,1.544524705,p300_sig_id_0
15:33.2,1.544524705,p300_sig_id_0
15:33.2,1.544524705,p300_sig_id_0
15:33.2,1.544524705,p300_sig_id_0
15:33.2,1.544524705,p300_sig_id_0
15:33.2,1.544524705,p300_sig_id_0
15:33.2,1.544524705,p300_sig_id_0
15:33.2,1.544524705,p300_sig_id_0
15:33.2,1.544524705,p300_sig_id_0
15:33.2,1.544524705,p300_sig_id_0
15:33.2,1.544524705,p300_sig_id_0
15:33.2,1.544524705,p300_sig_id_0
15:33.2,1.544524705,p300_sig_id_0
15:33.2,1.544524705,p300_sig_id_0
15:33.2,1.544524705,p300_sig_id_0
15:33.2,1.544524705,p300_sig_id_0
15:33.2,1.544524705,p300_sig_id_0
15:33.3,1.544524705,p300_sig_id_0
15:33.3,1.544524705,p300_sig_id_0
15:33.3,1.544524705,p300_sig_id_0
15:33.3,1.544524705,p300_sig_id_0
15:33.3,1.544524705,p300_sig_id_0
15:33.3,1.72620533,p300_sig_id_0
15:33.3,1.72620533,p300_sig_id_0
15:33.3,1.72620533,p300_sig_id_0
15:33.3,1.72620533,p300_sig_id_0
15:33.3,1.72620533,p300_sig_id_0
15:33.3,1.72620533,p300_sig_id_0
15:33.3,1.72620533,p300_sig_id_0
15:33.3,1.72620533,p300_sig_id_0
15:33.3,1.72620533,p300_sig_id_0
15:33.3,1.72620533,p300_sig_id_0
15:33.3,1.72620533,p300_sig_id_0
15:33.3,1.72620533,p300_sig_id_0
15:33.3,1.72620533,p300_sig_id_0
15:33.3,1.72620533,p300_sig_id_0
15:33.3,1.72620533,p300_sig_id_0
15:33.3,1.72620533,p300_sig_id_0
15:33.3,1.72620533,p300_sig_id_0
15:33.3,1.72620533,p300_sig_id_0
15:33.3,1.72620533,p300_sig_id_0
15:33.4,1.72620533,p300_sig_id_0
15:33.4,1.72620533,p300_sig_id_0
15:33.4,1.72620533,p300_sig_id_0
15:33.4,1.72620533,p300_sig_id_0
15:33.4,1.72620533,p300_sig_id_0
15:33.4,1.72620533,p300_sig_id_0
15:33.4,1.72620533,p300_sig_id_0
15:33.4,1.97953045,p300_sig_id_0
15:33.4,1.97953045,p300_sig_id_0
15:33.4,1.97953045,p300_sig_id_0
15:33.4,1.97953045,p300_sig_id_0
15:33.4,1.97953045,p300_sig_id_0
15:33.4,1.97953045,p300_sig_id_0
15:33.4,1.97953045,p300_sig_id_0
15:33.4,1.97953045,p300_sig_id_0
15:33.4,1.97953045,p300_sig_id_0
15:33.4,1.97953045,p300_sig_id_0
15:33.4,1.97953045,p300_sig_id_0
15:33.4,1.97953045,p300_sig_id_0
15:33.4,1.97953045,p300_sig_id_0
15:33.4,1.97953045,p300_sig_id_0
15:33.4,1.97953045,p300_sig_id_0
15:33.4,1.97953045,p300_sig_id_0
15:33.4,1.97953045,p300_sig_id_0
15:33.5,1.97953045,p300_sig_id_0
15:33.5,1.97953045,p300_sig_id_0
15:33.5,1.97953045,p300_sig_id_0
15:33.5,1.97953045,p300_sig_id_0
15:33.5,1.97953045,p300_sig_id_0
15:33.5,1.97953045,p300_sig_id_0
15:33.5,1.97953045,p300_sig_id_0
15:33.5,1.97953045,p300_sig_id_0
15:33.5,1.97953045,p300_sig_id_0
15:33.5,2.2892957500000004,p300_sig_id_0
15:33.5,2.2892957500000004,p300_sig_id_0
15:33.5,2.2892957500000004,p300_sig_id_0
15:33.5,2.2892957500000004,p300_sig_id_0
15:33.5,2.2892957500000004,p300_sig_id_0
15:33.5,2.2892957500000004,p300_sig_id_0
15:33.5,2.2892957500000004,p300_sig_id_0
15:33.5,2.2892957500000004,p300_sig_id_0
15:33.5,2.2892957500000004,p300_sig_id_0
15:33.5,2.2892957500000004,p300_sig_id_0
15:33.5,2.2892957500000004,p300_sig_id_0
15:33.5,2.2892957500000004,p300_sig_id_0
15:33.5,2.2892957500000004,p300_sig_id_0
15:33.5,2.2892957500000004,p300_sig_id_0
15:33.5,2.2892957500000004,p300_sig_id_0
15:33.6,2.2892957500000004,p300_sig_id_0
15:33.6,2.2892957500000004,p300_sig_id_0
15:33.6,2.2892957500000004,p300_sig_id_0
15:33.6,2.2892957500000004,p300_sig_id_0
15:33.6,2.2892957500000004,p300_sig_id_0
15:33.6,2.2892957500000004,p300_sig_id_0
15:33.6,2.2892957500000004,p300_sig_id_0
15:33.6,2.2892957500000004,p300_sig_id_0
15:33.6,2.2892957500000004,p300_sig_id_0
15:33.6,2.2892957500000004,p300_sig_id_0
15:33.6,2.2892957500000004,p300_sig_id_0
15:33.6,2.53831849,p300_sig_id_0
15:33.6,2.53831849,p300_sig_id_0
15:33.6,2.53831849,p300_sig_id_0
15:33.6,2.53831849,p300_sig_id_0
15:33.6,2.53831849,p300_sig_id_0
15:33.6,2.53831849,p300_sig_id_0
15:33.6,2.53831849,p300_sig_id_0
15:33.6,2.53831849,p300_sig_id_0
15:33.6,2.53831849,p300_sig_id_0
15:33.6,2.53831849,p300_sig_id_0
15:33.6,2.53831849,p300_sig_id_0
15:33.6,2.53831849,p300_sig_id_0
15:33.6,2.53831849,p300_sig_id_0
15:33.7,2.53831849,p300_sig_id_0
15:33.7,2.53831849,p300_sig_id_0
15:33.7,2.53831849,p300_sig_id_0
15:33.7,2.53831849,p300_sig_id_0
15:33.7,2.53831849,p300_sig_id_0
15:33.7,2.53831849,p300_sig_id_0
15:33.7,2.53831849,p300_sig_id_0
15:33.7,2.53831849,p300_sig_id_0
15:33.7,2.53831849,p300_sig_id_0
15:33.7,2.53831849,p300_sig_id_0
15:33.7,2.53831849,p300_sig_id_0
15:33.7,2.53831849,p300_sig_id_0
15:33.7,2.53831849,p300_sig_id_0
15:33.7,2.57189853,p300_sig_id_0
15:33.7,2.57189853,p300_sig_id_0
15:33.7,2.57189853,p300_sig_id_0
15:33.7,2.57189853,p300_sig_id_0
15:33.7,2.57189853,p300_sig_id_0
15:33.7,2.57189853,p300_sig_id_0
15:33.7,2.57189853,p300_sig_id_0
15:33.7,2.57189853,p300_sig_id_0
15:33.7,2.57189853,p300_sig_id_0
15:33.7,2.57189853,p300_sig_id_0
15:33.7,2.57189853,p300_sig_id_0
15:33.7,2.57189853,p300_sig_id_0
15:33.7,2.57189853,p300_sig_id_0
15:33.7,2.57189853,p300_sig_id_0
15:33.7,2.57189853,p300_sig_id_0
15:33.7,2.57189853,p300_sig_id_0
15:33.7,2.57189853,p300_sig_id_0
15:33.7,2.57189853,p300_sig_id_0
15:33.7,2.57189853,p300_sig_id_0
15:33.7,2.57189853,p300_sig_id_0
15:33.7,2.57189853,p300_sig_id_0
15:33.7,2.57189853,p300_sig_id_0
15:33.7,2.57189853,p300_sig_id_0
15:33.8,2.57189853,p300_sig_id_0
15:33.8,2.57189853,p300_sig_id_0
15:33.8,2.57189853,p300_sig_id_0
15:33.8,2.6139558199999997,p300_sig_id_0
15:33.8,2.6139558199999997,p300_sig_id_0
15:33.8,2.6139558199999997,p300_sig_id_0
15:33.8,2.6139558199999997,p300_sig_id_0
15:33.8,2.6139558199999997,p300_sig_id_0
15:33.8,2.6139558199999997,p300_sig_id_0
15:33.8,2.6139558199999997,p300_sig_id_0
15:33.8,2.6139558199999997,p300_sig_id_0
15:33.8,2.6139558199999997,p300_sig_id_0
15:33.8,2.6139558199999997,p300_sig_id_0
15:33.8,2.6139558199999997,p300_sig_id_0
15:33.8,2.6139558199999997,p300_sig_id_0
15:33.8,2.6139558199999997,p300_sig_id_0
15:33.8,2.6139558199999997,p300_sig_id_0
15:33.8,2.6139558199999997,p300_sig_id_0
15:33.9,2.6139558199999997,p300_sig_id_0
15:33.9,2.6139558199999997,p300_sig_id_0
15:33.9,2.6139558199999997,p300_sig_id_0
15:33.9,2.6139558199999997,p300_sig_id_0
15:33.9,2.6139558199999997,p300_sig_id_0
15:33.9,2.6139558199999997,p300_sig_id_0
15:33.9,2.6139558199999997,p300_sig_id_0
15:33.9,2.6139558199999997,p300_sig_id_0
15:33.9,2.6139558199999997,p300_sig_id_0
15:33.9,2.6139558199999997,p300_sig_id_0
15:33.9,2.6139558199999997,p300_sig_id_0
15:33.9,2.67252679,p300_sig_id_0
15:33.9,2.67252679,p300_sig_id_0
15:33.9,2.67252679,p300_sig_id_0
15:33.9,2.67252679,p300_sig_id_0
15:33.9,2.67252679,p300_sig_id_0
15:33.9,2.67252679,p300_sig_id_0
15:33.9,2.67252679,p300_sig_id_0
15:33.9,2.67252679,p300_sig_id_0
15:33.9,2.67252679,p300_sig_id_0
15:33.9,2.67252679,p300_sig_id_0
15:33.9,2.67252679,p300_sig_id_0
15:33.9,2.67252679,p300_sig_id_0
15:33.9,2.67252679,p300_sig_id_0
15:33.9,2.67252679,p300_sig_id_0
15:33.9,2.67252679,p300_sig_id_0
15:33.9,2.67252679,p300_sig_id_0
15:34.0,2.67252679,p300_sig_id_0
15:34.0,2.67252679,p300_sig_id_0
15:34.0,2.67252679,p300_sig_id_0
15:34.0,2.67252679,p300_sig_id_0
15:34.0,2.67252679,p300_sig_id_0
15:34.0,2.67252679,p300_sig_id_0
15:34.0,2.67252679,p300_sig_id_0
15:34.0,2.67252679,p300_sig_id_0
15:34.0,2.67252679,p300_sig_id_0
15:34.0,2.67252679,p300_sig_id_0
15:34.0,2.75471194,p300_sig_id_0
15:34.0,2.75471194,p300_sig_id_0
15:34.0,2.75471194,p300_sig_id_0
15:34.0,2.75471194,p300_sig_id_0
15:34.0,2.75471194,p300_sig_id_0
15:34.0,2.75471194,p300_sig_id_0
15:34.0,2.75471194,p300_sig_id_0
15:34.0,2.75471194,p300_sig_id_0
15:34.0,2.75471194,p300_sig_id_0
15:34.0,2.75471194,p300_sig_id_0
15:34.0,2.75471194,p300_sig_id_0
15:34.0,2.75471194,p300_sig_id_0
15:34.1,2.75471194,p300_sig_id_0
15:34.1,2.75471194,p300_sig_id_0
15:34.1,2.75471194,p300_sig_id_0
15:34.1,2.75471194,p300_sig_id_0
15:34.1,2.75471194,p300_sig_id_0
15:34.1,2.75471194,p300_sig_id_0
15:34.1,2.75471194,p300_sig_id_0
15:34.1,2.75471194,p300_sig_id_0
15:34.1,2.75471194,p300_sig_id_0
15:34.1,2.75471194,p300_sig_id_0
15:34.1,2.75471194,p300_sig_id_0
15:34.1,2.75471194,p300_sig_id_0
15:34.1,2.75471194,p300_sig_id_0
15:34.1,2.75471194,p300_sig_id_0
15:34.1,2.85715847,p300_sig_id_0
15:34.1,2.85715847,p300_sig_id_0
15:34.1,2.85715847,p300_sig_id_0
15:34.1,2.85715847,p300_sig_id_0
15:34.1,2.85715847,p300_sig_id_0
15:34.1,2.85715847,p300_sig_id_0
15:34.1,2.85715847,p300_sig_id_0
15:34.1,2.85715847,p300_sig_id_0
15:34.1,2.85715847,p300_sig_id_0
15:34.1,2.85715847,p300_sig_id_0
15:34.1,2.85715847,p300_sig_id_0
15:34.1,2.85715847,p300_sig_id_0
15:34.1,2.85715847,p300_sig_id_0
15:34.2,2.85715847,p300_sig_id_0
15:34.2,2.85715847,p300_sig_id_0
15:34.2,2.85715847,p300_sig_id_0
15:34.2,2.85715847,p300_sig_id_0
15:34.2,2.85715847,p300_sig_id_0
15:34.2,2.85715847,p300_sig_id_0
15:34.2,2.85715847,p300_sig_id_0
15:34.2,2.85715847,p300_sig_id_0
15:34.2,2.85715847,p300_sig_id_0
15:34.2,2.85715847,p300_sig_id_0
15:34.2,2.85715847,p300_sig_id_0
15:34.2,2.85715847,p300_sig_id_0
15:34.2,2.85715847,p300_sig_id_0
15:34.2,2.9765402300000003,p300_sig_id_0
15:34.2,2.9765402300000003,p300_sig_id_0
15:34.2,2.9765402300000003,p300_sig_id_0
15:34.2,2.9765402300000003,p300_sig_id_0
15:34.2,2.9765402300000003,p300_sig_id_0
15:34.2,2.9765402300000003,p300_sig_id_0
15:34.2,2.9765402300000003,p300_sig_id_0
15:34.2,2.9765402300000003,p300_sig_id_0
15:34.2,2.9765402300000003,p300_sig_id_0
15:34.2,2.9765402300000003,p300_sig_id_0
15:34.2,2.9765402300000003,p300_sig_id_0
15:34.2,2.9765402300000003,p300_sig_id_0
15:34.2,2.9765402300000003,p300_sig_id_0
15:34.3,2.9765402300000003,p300_sig_id_0
15:34.3,2.9765402300000003,p300_sig_id_0
15:34.3,2.9765402300000003,p300_sig_id_0
15:34.3,2.9765402300000003,p300_sig_id_0
15:34.3,2.9765402300000003,p300_sig_id_0
15:34.3,2.9765402300000003,p300_sig_id_0
15:34.3,2.9765402300000003,p300_sig_id_0
15:34.3,2.9765402300000003,p300_sig_id_0
15:34.3,2.9765402300000003,p300_sig_id_0
15:34.3,2.9765402300000003,p300_sig_id_0
15:34.3,2.9765402300000003,p300_sig_id_0
15:34.3,2.9765402300000003,p300_sig_id_0
15:34.3,2.9765402300000003,p300_sig_id_0
15:34.3,,p300_sig_id_0
15:34.3,3.1085348699999997,p300_sig_id_0
15:22.4,1.856901,p300_sig_id_1
15:22.4,1.856901,p300_sig_id_1
15:22.4,1.856901,p300_sig_id_1
15:22.4,1.856901,p300_sig_id_1
15:22.4,1.856901,p300_sig_id_1
15:22.4,1.9902827800000003,p300_sig_id_1
15:22.4,1.9902827800000003,p300_sig_id_1
15:22.4,1.9902827800000003,p300_sig_id_1
15:22.4,1.9902827800000003,p300_sig_id_1
15:22.4,1.9902827800000003,p300_sig_id_1
15:22.5,1.9902827800000003,p300_sig_id_1
15:22.5,1.9902827800000003,p300_sig_id_1
15:22.5,1.9902827800000003,p300_sig_id_1
15:22.5,1.9902827800000003,p300_sig_id_1
15:22.5,1.9902827800000003,p300_sig_id_1
15:22.5,1.9902827800000003,p300_sig_id_1
15:22.5,1.9902827800000003,p300_sig_id_1
15:22.5,1.9902827800000003,p300_sig_id_1
15:22.5,1.9902827800000003,p300_sig_id_1
15:22.5,1.9902827800000003,p300_sig_id_1
15:22.5,1.9902827800000003,p300_sig_id_1
15:22.5,1.9902827800000003,p300_sig_id_1
15:22.5,1.9902827800000003,p300_sig_id_1
15:22.5,1.9902827800000003,p300_sig_id_1
15:22.5,1.9902827800000003,p300_sig_id_1
15:22.5,1.9902827800000003,p300_sig_id_1
15:22.5,1.9902827800000003,p300_sig_id_1
15:22.5,1.9902827800000003,p300_sig_id_1
15:22.5,1.9902827800000003,p300_sig_id_1
15:22.5,1.9902827800000003,p300_sig_id_1
15:22.5,1.9902827800000003,p300_sig_id_1
15:22.5,2.05904183,p300_sig_id_1
15:22.5,2.05904183,p300_sig_id_1
15:22.5,2.05904183,p300_sig_id_1
15:22.6,2.05904183,p300_sig_id_1
15:22.6,2.05904183,p300_sig_id_1
15:22.6,2.05904183,p300_sig_id_1
15:22.6,2.05904183,p300_sig_id_1
15:22.6,2.05904183,p300_sig_id_1
15:22.6,2.05904183,p300_sig_id_1
15:22.6,2.05904183,p300_sig_id_1
15:22.6,2.05904183,p300_sig_id_1
15:22.6,2.05904183,p300_sig_id_1
15:22.6,2.05904183,p300_sig_id_1
15:22.6,2.05904183,p300_sig_id_1
15:22.6,2.05904183,p300_sig_id_1
15:22.6,2.05904183,p300_sig_id_1
15:22.6,2.05904183,p300_sig_id_1
15:22.6,2.05904183,p300_sig_id_1
15:22.6,2.05904183,p300_sig_id_1
15:22.6,2.05904183,p300_sig_id_1
15:22.6,2.05904183,p300_sig_id_1
15:22.6,2.05904183,p300_sig_id_1
15:22.6,2.05904183,p300_sig_id_1
15:22.6,2.05904183,p300_sig_id_1
15:22.6,2.05904183,p300_sig_id_1
15:22.6,2.05904183,p300_sig_id_1
15:22.6,2.09303739,p300_sig_id_1
15:22.6,2.09303739,p300_sig_id_1
15:22.6,2.09303739,p300_sig_id_1
15:22.6,2.09303739,p300_sig_id_1
15:22.6,2.09303739,p300_sig_id_1
15:22.6,2.09303739,p300_sig_id_1
15:22.6,2.09303739,p300_sig_id_1
15:22.6,2.09303739,p300_sig_id_1
15:22.6,2.09303739,p300_sig_id_1
15:22.6,2.09303739,p300_sig_id_1
15:22.6,2.09303739,p300_sig_id_1
15:22.6,2.09303739,p300_sig_id_1
15:22.6,2.09303739,p300_sig_id_1
15:22.7,2.09303739,p300_sig_id_1
15:22.7,2.09303739,p300_sig_id_1
15:22.7,2.09303739,p300_sig_id_1
15:22.7,2.09303739,p300_sig_id_1
15:22.7,2.09303739,p300_sig_id_1
15:22.7,2.09303739,p300_sig_id_1
15:22.7,2.09303739,p300_sig_id_1
15:22.7,2.09303739,p300_sig_id_1
15:22.7,2.09303739,p300_sig_id_1
15:22.7,2.09303739,p300_sig_id_1
15:22.7,2.09303739,p300_sig_id_1
15:22.7,2.09303739,p300_sig_id_1
15:22.7,2.09303739,p300_sig_id_1
15:22.7,2.0961226899999996,p300_sig_id_1
15:22.7,2.0961226899999996,p300_sig_id_1
15:22.7,2.0961226899999996,p300_sig_id_1
15:22.7,2.0961226899999996,p300_sig_id_1
15:22.7,2.0961226899999996,p300_sig_id_1
15:22.7,2.0961226899999996,p300_sig_id_1
15:22.7,2.0961226899999996,p300_sig_id_1
15:22.7,2.0961226899999996,p300_sig_id_1
15:22.7,2.0961226899999996,p300_sig_id_1
15:22.7,2.0961226899999996,p300_sig_id_1
15:22.7,2.0961226899999996,p300_sig_id_1
15:22.8,2.0961226899999996,p300_sig_id_1
15:22.8,2.0961226899999996,p300_sig_id_1
15:22.8,2.0961226899999996,p300_sig_id_1
15:22.8,2.0961226899999996,p300_sig_id_1
15:22.8,2.0961226899999996,p300_sig_id_1
15:22.8,2.0961226899999996,p300_sig_id_1
15:22.8,2.0961226899999996,p300_sig_id_1
15:22.8,2.0961226899999996,p300_sig_id_1
15:22.8,2.0961226899999996,p300_sig_id_1
15:22.8,2.0961226899999996,p300_sig_id_1
15:22.8,2.0961226899999996,p300_sig_id_1
15:22.8,2.0961226899999996,p300_sig_id_1
15:22.8,2.0961226899999996,p300_sig_id_1
15:22.8,2.0961226899999996,p300_sig_id_1
15:22.8,2.0961226899999996,p300_sig_id_1
15:22.8,2.07361178,p300_sig_id_1
15:22.8,2.07361178,p300_sig_id_1
15:22.8,2.07361178,p300_sig_id_1
15:22.8,2.07361178,p300_sig_id_1
15:22.8,2.07361178,p300_sig_id_1
15:22.8,2.07361178,p300_sig_id_1
15:22.8,2.07361178,p300_sig_id_1
15:22.8,2.07361178,p300_sig_id_1
15:22.8,2.07361178,p300_sig_id_1
15:22.9,2.07361178,p300_sig_id_1
15:22.9,2.07361178,p300_sig_id_1
15:22.9,2.07361178,p300_sig_id_1
15:22.9,2.07361178,p300_sig_id_1
15:22.9,2.07361178,p300_sig_id_1
15:22.9,2.07361178,p300_sig_id_1
15:22.9,2.07361178,p300_sig_id_1
15:22.9,2.07361178,p300_sig_id_1
15:22.9,2.07361178,p300_sig_id_1
15:22.9,2.07361178,p300_sig_id_1
15:22.9,2.07361178,p300_sig_id_1
15:22.9,2.07361178,p300_sig_id_1
15:22.9,2.07361178,p300_sig_id_1
15:22.9,2.07361178,p300_sig_id_1
15:22.9,2.07361178,p300_sig_id_1
15:22.9,2.07361178,p300_sig_id_1
15:22.9,2.07361178,p300_sig_id_1
15:22.9,2.04559702,p300_sig_id_1
15:22.9,2.04559702,p300_sig_id_1
15:22.9,2.04559702,p300_sig_id_1
15:22.9,2.04559702,p300_sig_id_1
15:22.9,2.04559702,p300_sig_id_1
15:22.9,2.04559702,p300_sig_id_1
15:22.9,2.04559702,p300_sig_id_1
15:23.0,2.04559702,p300_sig_id_1
15:23.0,2.04559702,p300_sig_id_1
15:23.0,2.04559702,p300_sig_id_1
15:23.0,2.04559702,p300_sig_id_1
15:23.0,2.04559702,p300_sig_id_1
15:23.0,2.04559702,p300_sig_id_1
15:23.0,2.04559702,p300_sig_id_1
15:23.0,2.04559702,p300_sig_id_1
15:23.0,2.04559702,p300_sig_id_1
15:23.0,2.04559702,p300_sig_id_1
15:23.0,2.04559702,p300_sig_id_1
15:23.0,2.04559702,p300_sig_id_1
15:23.0,2.04559702,p300_sig_id_1
15:23.0,2.04559702,p300_sig_id_1
15:23.0,2.04559702,p300_sig_id_1
15:23.0,2.04559702,p300_sig_id_1
15:23.0,2.04559702,p300_sig_id_1
15:23.0,2.04559702,p300_sig_id_1
15:23.0,2.04559702,p300_sig_id_1
15:23.0,2.03008289,p300_sig_id_1
15:23.0,2.03008289,p300_sig_id_1
15:23.0,2.03008289,p300_sig_id_1
15:23.0,2.03008289,p300_sig_id_1
15:23.0,2.03008289,p300_sig_id_1
15:23.1,2.03008289,p300_sig_id_1
15:23.1,2.03008289,p300_sig_id_1
15:23.1,2.03008289,p300_sig_id_1
15:23.1,2.03008289,p300_sig_id_1
15:23.1,2.03008289,p300_sig_id_1
15:23.1,2.03008289,p300_sig_id_1
15:23.1,2.03008289,p300_sig_id_1
15:23.1,2.03008289,p300_sig_id_1
15:23.1,2.03008289,p300_sig_id_1
15:23.1,2.03008289,p300_sig_id_1
15:23.1,2.03008289,p300_sig_id_1
15:23.1,2.03008289,p300_sig_id_1
15:23.1,2.03008289,p300_sig_id_1
15:23.1,2.03008289,p300_sig_id_1
15:23.1,2.03008289,p300_sig_id_1
15:23.1,2.03008289,p300_sig_id_1
15:23.1,2.03008289,p300_sig_id_1
15:23.1,2.03008289,p300_sig_id_1
15:23.1,2.03008289,p300_sig_id_1
15:23.1,2.03008289,p300_sig_id_1
15:23.1,2.03008289,p300_sig_id_1
15:23.1,2.05038694,p300_sig_id_1
15:23.1,2.05038694,p300_sig_id_1
15:23.1,2.05038694,p300_sig_id_1
15:23.2,2.05038694,p300_sig_id_1
15:23.2,2.05038694,p300_sig_id_1
15:23.2,2.05038694,p300_sig_id_1
15:23.2,2.05038694,p300_sig_id_1
15:23.2,2.05038694,p300_sig_id_1
15:23.2,2.05038694,p300_sig_id_1
15:23.2,2.05038694,p300_sig_id_1
15:23.2,2.05038694,p300_sig_id_1
15:23.2,2.05038694,p300_sig_id_1
15:23.2,2.05038694,p300_sig_id_1
15:23.2,2.05038694,p300_sig_id_1
15:23.2,2.05038694,p300_sig_id_1
15:23.2,2.05038694,p300_sig_id_1
15:23.2,2.05038694,p300_sig_id_1
15:23.2,2.05038694,p300_sig_id_1
15:23.2,2.05038694,p300_sig_id_1
15:23.2,2.05038694,p300_sig_id_1
15:23.2,2.05038694,p300_sig_id_1
15:23.2,2.05038694,p300_sig_id_1
15:23.2,2.05038694,p300_sig_id_1
15:23.2,2.05038694,p300_sig_id_1
15:23.2,2.05038694,p300_sig_id_1
15:23.2,2.05038694,p300_sig_id_1
15:23.2,2.07021808,p300_sig_id_1
15:23.2,2.07021808,p300_sig_id_1
15:23.2,2.07021808,p300_sig_id_1
15:23.2,2.07021808,p300_sig_id_1
15:23.2,2.07021808,p300_sig_id_1
15:23.2,2.07021808,p300_sig_id_1
15:23.2,2.07021808,p300_sig_id_1
15:23.2,2.07021808,p300_sig_id_1
15:23.2,2.07021808,p300_sig_id_1
15:23.2,2.07021808,p300_sig_id_1
15:23.2,2.07021808,p300_sig_id_1
15:23.2,2.07021808,p300_sig_id_1
15:23.2,2.07021808,p300_sig_id_1
15:23.3,2.07021808,p300_sig_id_1
15:23.3,2.07021808,p300_sig_id_1
15:23.3,2.07021808,p300_sig_id_1
15:23.3,2.07021808,p300_sig_id_1
15:23.3,2.07021808,p300_sig_id_1
15:23.3,2.07021808,p300_sig_id_1
15:23.3,2.07021808,p300_sig_id_1
15:23.3,2.07021808,p300_sig_id_1
15:23.3,2.07021808,p300_sig_id_1
15:23.3,2.07021808,p300_sig_id_1
15:23.3,2.07021808,p300_sig_id_1
15:23.3,2.07021808,p300_sig_id_1
15:23.4,2.07021808,p300_sig_id_1
15:23.4,,p300_sig_id_1
15:23.4,2.08854228,p300_sig_id_1
15:23.4,2.08854228,p300_sig_id_1
15:23.4,2.08854228,p300_sig_id_1
15:23.4,2.08854228,p300_sig_id_1
15:23.4,2.08854228,p300_sig_id_1
15:23.4,2.08854228,p300_sig_id_1
15:23.4,2.08854228,p300_sig_id_1
15:23.4,2.08854228,p300_sig_id_1
15:23.4,2.08854228,p300_sig_id_1
15:23.4,2.08854228,p300_sig_id_1
15:23.4,2.08854228,p300_sig_id_1
15:23.4,2.08854228,p300_sig_id_1
15:23.4,2.08854228,p300_sig_id_1
15:23.4,2.08854228,p300_sig_id_1
15:23.4,2.08854228,p300_sig_id_1
15:23.4,2.08854228,p300_sig_id_1
15:23.4,2.08854228,p300_sig_id_1
15:23.4,2.08854228,p300_sig_id_1
15:23.4,2.08854228,p300_sig_id_1
15:23.4,2.08854228,p300_sig_id_1
15:23.4,2.08854228,p300_sig_id_1
15:23.4,2.08854228,p300_sig_id_1
15:23.4,2.08854228,p300_sig_id_1
15:23.5,2.08854228,p300_sig_id_1
15:23.5,2.08854228,p300_sig_id_1
15:23.5,2.08854228,p300_sig_id_1
15:23.5,2.10078518,p300_sig_id_1
15:23.5,2.10078518,p300_sig_id_1
15:23.5,2.10078518,p300_sig_id_1
15:23.5,2.10078518,p300_sig_id_1
15:23.5,2.10078518,p300_sig_id_1
15:23.5,2.10078518,p300_sig_id_1
15:23.5,2.10078518,p300_sig_id_1
15:23.5,2.10078518,p300_sig_id_1
15:23.5,2.10078518,p300_sig_id_1
15:23.5,2.10078518,p300_sig_id_1
15:23.5,2.10078518,p300_sig_id_1
15:23.5,2.10078518,p300_sig_id_1
15:23.5,2.10078518,p300_sig_id_1
15:23.5,2.10078518,p300_sig_id_1
15:23.5,2.10078518,p300_sig_id_1
15:23.5,2.10078518,p300_sig_id_1
15:23.5,2.10078518,p300_sig_id_1
15:23.5,2.10078518,p300_sig_id_1
15:23.5,2.10078518,p300_sig_id_1
15:23.5,2.10078518,p300_sig_id_1
15:23.5,2.10078518,p300_sig_id_1
15:23.5,2.10078518,p300_sig_id_1
15:23.5,2.10078518,p300_sig_id_1
15:23.5,2.10078518,p300_sig_id_1
15:23.5,2.10078518,p300_sig_id_1
15:23.5,2.10078518,p300_sig_id_1
15:23.5,2.0929761200000003,p300_sig_id_1
15:23.5,2.0929761200000003,p300_sig_id_1
15:23.5,2.0929761200000003,p300_sig_id_1
15:23.5,2.0929761200000003,p300_sig_id_1
15:23.5,2.0929761200000003,p300_sig_id_1
15:23.5,2.0929761200000003,p300_sig_id_1
15:23.5,2.0929761200000003,p300_sig_id_1
15:23.6,2.0929761200000003,p300_sig_id_1
15:23.6,2.0929761200000003,p300_sig_id_1
15:23.6,2.0929761200000003,p300_sig_id_1
15:23.6,2.0929761200000003,p300_sig_id_1
15:23.6,2.0929761200000003,p300_sig_id_1
15:23.6,2.0929761200000003,p300_sig_id_1
15:23.6,2.0929761200000003,p300_sig_id_1
15:23.6,2.0929761200000003,p300_sig_id_1
15:23.6,2.0929761200000003,p300_sig_id_1
15:23.6,2.0929761200000003,p300_sig_id_1
15:23.6,2.0929761200000003,p300_sig_id_1
15:23.6,2.0929761200000003,p300_sig_id_1
15:23.6,2.0929761200000003,p300_sig_id_1
15:23.6,2.0929761200000003,p300_sig_id_1
15:23.6,2.0929761200000003,p300_sig_id_1
15:23.6,2.0929761200000003,p300_sig_id_1
15:23.6,2.0929761200000003,p300_sig_id_1
15:23.6,2.0929761200000003,p300_sig_id_1
15:23.6,2.0929761200000003,p300_sig_id_1
15:23.6,2.04817638,p300_sig_id_1
15:23.6,2.04817638,p300_sig_id_1
15:23.6,2.04817638,p300_sig_id_1
15:23.6,2.04817638,p300_sig_id_1
15:23.6,2.04817638,p300_sig_id_1
15:23.6,2.04817638,p300_sig_id_1
15:23.6,2.04817638,p300_sig_id_1
15:23.6,2.04817638,p300_sig_id_1
15:23.6,2.04817638,p300_sig_id_1
15:23.6,2.04817638,p300_sig_id_1
15:23.6,2.04817638,p300_sig_id_1
15:23.6,2.04817638,p300_sig_id_1
15:23.6,2.04817638,p300_sig_id_1
15:23.6,2.04817638,p300_sig_id_1
15:23.7,2.04817638,p300_sig_id_1
15:23.7,2.04817638,p300_sig_id_1
15:23.7,2.04817638,p300_sig_id_1
15:23.7,2.04817638,p300_sig_id_1
15:23.7,2.04817638,p300_sig_id_1
15:23.7,2.04817638,p300_sig_id_1
15:23.7,2.04817638,p300_sig_id_1
15:23.7,2.04817638,p300_sig_id_1
15:23.7,2.04817638,p300_sig_id_1
15:23.7,2.04817638,p300_sig_id_1
15:23.7,2.04817638,p300_sig_id_1
15:23.7,2.04817638,p300_sig_id_1
15:23.7,1.9558469,p300_sig_id_1
15:23.7,1.9558469,p300_sig_id_1
15:23.7,1.9558469,p300_sig_id_1
15:23.8,1.9558469,p300_sig_id_1
15:23.8,1.9558469,p300_sig_id_1
15:23.8,1.9558469,p300_sig_id_1
15:23.8,1.9558469,p300_sig_id_1
15:23.8,1.9558469,p300_sig_id_1
15:23.8,1.9558469,p300_sig_id_1
15:23.8,1.9558469,p300_sig_id_1
15:23.8,1.9558469,p300_sig_id_1
15:23.8,1.9558469,p300_sig_id_1
15:23.8,1.9558469,p300_sig_id_1
15:23.8,1.9558469,p300_sig_id_1
15:23.8,1.9558469,p300_sig_id_1
15:23.8,1.9558469,p300_sig_id_1
15:23.8,1.9558469,p300_sig_id_1
15:23.8,1.9558469,p300_sig_id_1
15:23.8,1.9558469,p300_sig_id_1
15:23.8,1.9558469,p300_sig_id_1
15:23.8,1.9558469,p300_sig_id_1
15:23.8,1.9558469,p300_sig_id_1
15:23.8,1.9558469,p300_sig_id_1
15:23.8,1.9558469,p300_sig_id_1
15:23.8,1.9558469,p300_sig_id_1
15:23.8,1.9558469,p300_sig_id_1
15:23.8,1.77861158,p300_sig_id_1
15:23.9,1.77861158,p300_sig_id_1
15:23.9,1.77861158,p300_sig_id_1
15:23.9,1.77861158,p300_sig_id_1
15:23.9,1.77861158,p300_sig_id_1
15:23.9,1.77861158,p300_sig_id_1
15:23.9,1.77861158,p300_sig_id_1
15:23.9,1.77861158,p300_sig_id_1
15:23.9,1.77861158,p300_sig_id_1
15:23.9,1.77861158,p300_sig_id_1
15:23.9,1.77861158,p300_sig_id_1
15:23.9,1.77861158,p300_sig_id_1
15:23.9,1.77861158,p300_sig_id_1
15:23.9,1.77861158,p300_sig_id_1
15:23.9,1.77861158,p300_sig_id_1
15:23.9,1.77861158,p300_sig_id_1
15:23.9,1.77861158,p300_sig_id_1
15:23.9,1.77861158,p300_sig_id_1
15:23.9,1.77861158,p300_sig_id_1
15:23.9,1.77861158,p300_sig_id_1
15:23.9,1.77861158,p300_sig_id_1
15:23.9,1.77861158,p300_sig_id_1
15:23.9,1.77861158,p300_sig_id_1
15:23.9,1.77861158,p300_sig_id_1
15:23.9,1.77861158,p300_sig_id_1
15:24.0,1.77861158,p300_sig_id_1
15:24.0,1.4760996100000001,p300_sig_id_1
15:24.0,1.4760996100000001,p300_sig_id_1
15:24.0,1.4760996100000001,p300_sig_id_1
15:24.0,1.4760996100000001,p300_sig_id_1
15:24.0,1.4760996100000001,p300_sig_id_1
15:24.0,1.4760996100000001,p300_sig_id_1
15:24.0,1.4760996100000001,p300_sig_id_1
15:24.0,1.4760996100000001,p300_sig_id_1
15:24.0,1.4760996100000001,p300_sig_id_1
15:24.0,1.4760996100000001,p300_sig_id_1
15:24.0,1.4760996100000001,p300_sig_id_1
15:24.0,1.4760996100000001,p300_sig_id_1
15:24.0,1.4760996100000001,p300_sig_id_1
15:24.0,1.4760996100000001,p300_sig_id_1
15:24.0,1.4760996100000001,p300_sig_id_1
15:24.0,1.4760996100000001,p300_sig_id_1
15:24.0,1.4760996100000001,p300_sig_id_1
15:24.0,1.4760996100000001,p300_sig_id_1
15:24.0,1.4760996100000001,p300_sig_id_1
15:24.0,1.4760996100000001,p300_sig_id_1
15:24.0,1.4760996100000001,p300_sig_id_1
15:24.0,1.4760996100000001,p300_sig_id_1
15:24.0,1.4760996100000001,p300_sig_id_1
15:24.1,1.4760996100000001,p300_sig_id_1
15:24.1,1.4760996100000001,p300_sig_id_1
15:24.1,1.4760996100000001,p300_sig_id_1
15:24.1,1.06262434,p300_sig_id_1
15:24.1,1.06262434,p300_sig_id_1
15:24.1,1.06262434,p300_sig_id_1
15:24.1,1.06262434,p300_sig_id_1
15:24.1,1.06262434,p300_sig_id_1
15:24.1,1.06262434,p300_sig_id_1
15:24.1,1.06262434,p300_sig_id_1
15:24.1,1.06262434,p300_sig_id_1
15:24.1,1.06262434,p300_sig_id_1
15:24.1,1.06262434,p300_sig_id_1
15:24.1,1.06262434,p300_sig_id_1
15:24.1,1.06262434,p300_sig_id_1
15:24.1,1.06262434,p300_sig_id_1
15:24.1,1.06262434,p300_sig_id_1
15:24.1,1.06262434,p300_sig_id_1
15:24.1,1.06262434,p300_sig_id_1
15:24.1,1.06262434,p300_sig_id_1
15:24.1,1.06262434,p300_sig_id_1
15:24.1,1.06262434,p300_sig_id_1
15:24.1,1.06262434,p300_sig_id_1
15:24.1,1.06262434,p300_sig_id_1
15:24.1,1.06262434,p300_sig_id_1
15:24.1,1.06262434,p300_sig_id_1
15:24.1,1.06262434,p300_sig_id_1
15:24.1,1.06262434,p300_sig_id_1
15:24.1,1.06262434,p300_sig_id_1
15:24.1,0.6165795000000001,p300_sig_id_1
15:24.1,0.6165795000000001,p300_sig_id_1
15:24.1,0.6165795000000001,p300_sig_id_1
15:24.1,0.6165795000000001,p300_sig_id_1
15:24.1,0.6165795000000001,p300_sig_id_1
15:24.1,0.6165795000000001,p300_sig_id_1
15:24.1,0.6165795000000001,p300_sig_id_1
15:24.2,0.6165795000000001,p300_sig_id_1
15:24.2,0.6165795000000001,p300_sig_id_1
15:24.2,0.6165795000000001,p300_sig_id_1
15:24.2,0.6165795000000001,p300_sig_id_1
15:24.2,0.6165795000000001,p300_sig_id_1
15:24.2,0.6165795000000001,p300_sig_id_1
15:24.2,0.6165795000000001,p300_sig_id_1
15:24.2,0.6165795000000001,p300_sig_id_1
15:24.2,0.6165795000000001,p300_sig_id_1
15:24.2,0.6165795000000001,p300_sig_id_1
15:24.2,0.6165795000000001,p300_sig_id_1
15:24.2,0.6165795000000001,p300_sig_id_1
15:24.2,0.6165795000000001,p300_sig_id_1
15:24.2,0.6165795000000001,p300_sig_id_1
15:24.2,0.6165795000000001,p300_sig_id_1
15:24.2,0.6165795000000001,p300_sig_id_1
15:24.2,0.6165795000000001,p300_sig_id_1
15:24.2,0.6165795000000001,p300_sig_id_1
15:24.2,0.6165795000000001,p300_sig_id_1
15:24.2,0.6165795000000001,p300_sig_id_1
15:24.2,0.6165795000000001,p300_sig_id_1
15:24.2,0.6165795000000001,p300_sig_id_1
15:24.2,0.6165795000000001,p300_sig_id_1
15:24.2,0.6165795000000001,p300_sig_id_1
15:24.3,0.6165795000000001,p300_sig_id_1
15:24.3,0.6165795000000001,p300_sig_id_1
15:24.3,0.6165795000000001,p300_sig_id_1
15:24.3,0.6165795000000001,p300_sig_id_1
15:24.3,0.6165795000000001,p300_sig_id_1
15:24.3,0.6165795000000001,p300_sig_id_1
15:24.3,0.6165795000000001,p300_sig_id_1
15:24.3,0.6165795000000001,p300_sig_id_1
15:24.3,0.6165795000000001,p300_sig_id_1
15:24.3,0.6165795000000001,p300_sig_id_1
15:24.3,0.6165795000000001,p300_sig_id_1
15:24.3,0.6165795000000001,p300_sig_id_1
15:24.3,0.6165795000000001,p300_sig_id_1
15:24.3,0.6165795000000001,p300_sig_id_1
15:24.3,0.6165795000000001,p300_sig_id_1
15:24.3,0.6165795000000001,p300_sig_id_1
15:24.3,0.6165795000000001,p300_sig_id_1
15:24.3,0.6165795000000001,p300_sig_id_1
15:24.3,0.6165795000000001,p300_sig_id_1
15:24.3,0.6165795000000001,p300_sig_id_1
15:24.3,0.6165795000000001,p300_sig_id_1
15:24.3,0.6165795000000001,p300_sig_id_1
15:24.3,0.6165795000000001,p300_sig_id_1
15:24.3,0.6165795000000001,p300_sig_id_1
15:24.4,0.6165795000000001,p300_sig_id_1
15:24.4,0.6165795000000001,p300_sig_id_1
15:24.4,0.6165795000000001,p300_sig_id_1
15:24.4,0.6165795000000001,p300_sig_id_1
15:24.4,0.6165795000000001,p300_sig_id_1
15:24.4,0.6165795000000001,p300_sig_id_1
15:24.4,0.6165795000000001,p300_sig_id_1
15:24.4,0.6165795000000001,p300_sig_id_1
15:24.4,0.6165795000000001,p300_sig_id_1
15:24.4,0.6165795000000001,p300_sig_id_1
15:24.4,0.6165795000000001,p300_sig_id_1
15:24.4,0.6165795000000001,p300_sig_id_1
15:24.4,0.6165795000000001,p300_sig_id_1
15:24.4,0.6165795000000001,p300_sig_id_1
15:24.4,0.6165795000000001,p300_sig_id_1
15:24.4,0.6165795000000001,p300_sig_id_1
15:24.4,0.6165795000000001,p300_sig_id_1
15:24.4,0.6165795000000001,p300_sig_id_1
15:24.4,0.6165795000000001,p300_sig_id_1
15:24.4,0.6165795000000001,p300_sig_id_1
15:24.4,0.6165795000000001,p300_sig_id_1
15:24.4,0.6165795000000001,p300_sig_id_1
15:24.4,0.6165795000000001,p300_sig_id_1
15:24.4,0.6165795000000001,p300_sig_id_1
15:24.5,0.6165795000000001,p300_sig_id_1
15:24.5,0.6165795000000001,p300_sig_id_1
15:24.5,0.6165795000000001,p300_sig_id_1
15:24.5,0.6165795000000001,p300_sig_id_1
15:24.5,0.6165795000000001,p300_sig_id_1
15:24.5,0.6165795000000001,p300_sig_id_1
15:24.5,0.6165795000000001,p300_sig_id_1
15:24.5,0.6165795000000001,p300_sig_id_1
15:24.5,0.6165795000000001,p300_sig_id_1
15:24.5,0.6165795000000001,p300_sig_id_1
15:24.5,0.6165795000000001,p300_sig_id_1
15:24.5,0.6165795000000001,p300_sig_id_1
15:24.5,0.6165795000000001,p300_sig_id_1
15:24.5,0.6165795000000001,p300_sig_id_1
15:24.5,0.6165795000000001,p300_sig_id_1
15:24.5,0.6165795000000001,p300_sig_id_1
15:24.5,0.6165795000000001,p300_sig_id_1
15:24.5,0.6165795000000001,p300_sig_id_1
15:24.5,0.6165795000000001,p300_sig_id_1
15:24.5,0.6165795000000001,p300_sig_id_1
15:24.5,0.6165795000000001,p300_sig_id_1
15:24.5,0.6165795000000001,p300_sig_id_1
15:24.5,0.6165795000000001,p300_sig_id_1
15:24.5,0.6165795000000001,p300_sig_id_1
15:24.6,0.6165795000000001,p300_sig_id_1
15:24.6,0.6165795000000001,p300_sig_id_1
15:24.6,0.6165795000000001,p300_sig_id_1
15:24.6,0.6165795000000001,p300_sig_id_1
15:24.6,0.6165795000000001,p300_sig_id_1
15:24.6,0.6165795000000001,p300_sig_id_1
15:24.6,0.6165795000000001,p300_sig_id_1
15:24.6,0.6165795000000001,p300_sig_id_1
15:24.6,0.6165795000000001,p300_sig_id_1
15:24.6,0.6165795000000001,p300_sig_id_1
15:24.6,0.6165795000000001,p300_sig_id_1
15:24.6,0.6165795000000001,p300_sig_id_1
15:24.6,0.6165795000000001,p300_sig_id_1
15:24.6,0.6165795000000001,p300_sig_id_1
15:24.6,0.6165795000000001,p300_sig_id_1
15:24.6,0.6165795000000001,p300_sig_id_1
15:24.6,0.6165795000000001,p300_sig_id_1
15:24.6,0.6165795000000001,p300_sig_id_1
15:24.6,0.6165795000000001,p300_sig_id_1
15:24.6,0.6165795000000001,p300_sig_id_1
15:24.6,0.6165795000000001,p300_sig_id_1
15:24.6,0.6165795000000001,p300_sig_id_1
15:24.6,0.6165795000000001,p300_sig_id_1
15:24.6,0.6165795000000001,p300_sig_id_1
15:24.7,0.6165795000000001,p300_sig_id_1
15:24.7,0.6165795000000001,p300_sig_id_1
15:24.7,0.6165795000000001,p300_sig_id_1
15:24.7,0.6165795000000001,p300_sig_id_1
15:24.7,0.6165795000000001,p300_sig_id_1
15:24.7,0.6165795000000001,p300_sig_id_1
15:24.7,0.6165795000000001,p300_sig_id_1
15:24.7,0.6165795000000001,p300_sig_id_1
15:24.7,0.6165795000000001,p300_sig_id_1
15:24.7,0.6165795000000001,p300_sig_id_1
15:24.7,0.6165795000000001,p300_sig_id_1
15:24.7,0.6165795000000001,p300_sig_id_1
15:24.7,0.6165795000000001,p300_sig_id_1
15:24.7,0.6165795000000001,p300_sig_id_1
15:24.7,0.6165795000000001,p300_sig_id_1
15:24.7,0.6165795000000001,p300_sig_id_1
15:24.7,0.6165795000000001,p300_sig_id_1
15:24.7,0.6165795000000001,p300_sig_id_1
15:24.7,0.6165795000000001,p300_sig_id_1
15:24.7,0.6165795000000001,p300_sig_id_1
15:24.7,0.6165795000000001,p300_sig_id_1
15:24.7,0.6165795000000001,p300_sig_id_1
15:24.7,0.6165795000000001,p300_sig_id_1
15:24.7,0.6165795000000001,p300_sig_id_1
15:24.8,0.6165795000000001,p300_sig_id_1
15:24.8,0.6165795000000001,p300_sig_id_1
15:24.8,0.6165795000000001,p300_sig_id_1
15:24.8,0.6165795000000001,p300_sig_id_1
15:24.8,0.6165795000000001,p300_sig_id_1
15:24.8,0.6165795000000001,p300_sig_id_1
15:24.8,0.6165795000000001,p300_sig_id_1
15:24.8,0.6165795000000001,p300_sig_id_1
15:24.8,0.6165795000000001,p300_sig_id_1
15:24.8,0.6165795000000001,p300_sig_id_1
15:24.8,0.6165795000000001,p300_sig_id_1
15:24.8,0.6165795000000001,p300_sig_id_1
15:24.8,0.6165795000000001,p300_sig_id_1
15:24.8,0.6165795000000001,p300_sig_id_1
15:24.8,0.6165795000000001,p300_sig_id_1
15:24.8,0.6165795000000001,p300_sig_id_1
15:24.8,0.6165795000000001,p300_sig_id_1
15:24.8,0.6165795000000001,p300_sig_id_1
15:24.8,0.6165795000000001,p300_sig_id_1
15:24.8,0.6165795000000001,p300_sig_id_1
15:24.8,0.6165795000000001,p300_sig_id_1
15:24.8,0.6165795000000001,p300_sig_id_1
15:24.8,0.6165795000000001,p300_sig_id_1
15:24.8,0.6165795000000001,p300_sig_id_1
15:24.8,0.6165795000000001,p300_sig_id_1
15:24.8,0.6165795000000001,p300_sig_id_1
15:24.8,0.6165795000000001,p300_sig_id_1
15:24.8,0.6165795000000001,p300_sig_id_1
15:24.8,0.6165795000000001,p300_sig_id_1
15:24.8,0.6165795000000001,p300_sig_id_1
15:24.8,0.6165795000000001,p300_sig_id_1
15:24.8,5.00351094,p300_sig_id_1
15:24.8,5.00351094,p300_sig_id_1
15:24.8,5.00351094,p300_sig_id_1
15:24.8,5.00351094,p300_sig_id_1
15:24.8,5.00351094,p300_sig_id_1
15:24.9,5.00351094,p300_sig_id_1
15:24.9,5.00351094,p300_sig_id_1
15:24.9,5.00351094,p300_sig_id_1
15:24.9,5.00351094,p300_sig_id_1
15:24.9,5.00351094,p300_sig_id_1
15:24.9,5.00351094,p300_sig_id_1
15:24.9,5.00351094,p300_sig_id_1
15:24.9,5.00351094,p300_sig_id_1
15:24.9,5.00351094,p300_sig_id_1
15:24.9,5.00351094,p300_sig_id_1
15:24.9,5.00351094,p300_sig_id_1
15:24.9,5.00351094,p300_sig_id_1
15:24.9,5.00351094,p300_sig_id_1
15:24.9,5.00351094,p300_sig_id_1
15:24.9,5.00351094,p300_sig_id_1
15:24.9,5.00351094,p300_sig_id_1
15:24.9,5.00351094,p300_sig_id_1
15:24.9,5.00351094,p300_sig_id_1
15:24.9,5.00351094,p300_sig_id_1
15:24.9,5.00351094,p300_sig_id_1
15:24.9,5.00351094,p300_sig_id_1
15:24.9,5.000339100000001,p300_sig_id_1
15:25.0,5.000339100000001,p300_sig_id_1
15:25.0,5.000339100000001,p300_sig_id_1
15:25.1,5.000339100000001,p300_sig_id_1
15:25.1,5.000339100000001,p300_sig_id_1
15:25.1,5.000339100000001,p300_sig_id_1
15:25.1,5.000339100000001,p300_sig_id_1
15:25.1,5.000339100000001,p300_sig_id_1
15:25.1,5.000339100000001,p300_sig_id_1
15:25.1,5.000339100000001,p300_sig_id_1
15:25.1,5.000339100000001,p300_sig_id_1
15:25.1,5.000339100000001,p300_sig_id_1
15:25.1,5.000339100000001,p300_sig_id_1
15:25.1,5.000339100000001,p300_sig_id_1
15:25.1,5.000339100000001,p300_sig_id_1
15:25.1,5.000339100000001,p300_sig_id_1
15:25.1,5.000339100000001,p300_sig_id_1
15:25.1,5.000339100000001,p300_sig_id_1
15:25.1,5.000339100000001,p300_sig_id_1
15:25.1,5.000339100000001,p300_sig_id_1
15:25.1,5.000339100000001,p300_sig_id_1
15:25.1,5.000339100000001,p300_sig_id_1
15:25.1,5.000339100000001,p300_sig_id_1
15:25.1,5.000339100000001,p300_sig_id_1
15:25.1,5.000339100000001,p300_sig_id_1
15:25.1,5.000339100000001,p300_sig_id_1
15:25.1,5.000339100000001,p300_sig_id_1
15:25.1,5.000339100000001,p300_sig_id_1
15:25.1,5.000339100000001,p300_sig_id_1
15:25.1,5.000339100000001,p300_sig_id_1
15:25.1,5.000339100000001,p300_sig_id_1
15:25.1,5.000339100000001,p300_sig_id_1
15:25.1,5.000339100000001,p300_sig_id_1
15:25.1,5.000339100000001,p300_sig_id_1
15:25.1,5.000339100000001,p300_sig_id_1
15:25.1,5.000339100000001,p300_sig_id_1
15:25.1,5.000339100000001,p300_sig_id_1
15:25.1,5.000339100000001,p300_sig_id_1
15:25.1,5.000339100000001,p300_sig_id_1
15:25.1,5.000339100000001,p300_sig_id_1
15:25.1,5.000339100000001,p300_sig_id_1
15:25.1,5.000339100000001,p300_sig_id_1
15:25.1,5.000339100000001,p300_sig_id_1
15:25.1,5.000339100000001,p300_sig_id_1
15:25.1,5.000339100000001,p300_sig_id_1
15:25.1,5.000339100000001,p300_sig_id_1
15:25.1,5.000339100000001,p300_sig_id_1
15:25.1,5.000339100000001,p300_sig_id_1
15:25.1,5.000339100000001,p300_sig_id_1
15:25.1,5.000339100000001,p300_sig_id_1
15:25.1,5.000339100000001,p300_sig_id_1
15:25.2,5.000339100000001,p300_sig_id_1
15:25.2,5.000339100000001,p300_sig_id_1
15:25.2,5.000339100000001,p300_sig_id_1
15:25.2,5.000339100000001,p300_sig_id_1
15:25.2,5.000339100000001,p300_sig_id_1
15:25.2,5.000339100000001,p300_sig_id_1
15:25.2,5.000339100000001,p300_sig_id_1
15:25.2,5.000339100000001,p300_sig_id_1
15:25.2,5.000339100000001,p300_sig_id_1
15:25.2,5.000339100000001,p300_sig_id_1
15:25.2,5.000339100000001,p300_sig_id_1
15:25.2,5.000339100000001,p300_sig_id_1
15:25.2,5.000339100000001,p300_sig_id_1
15:25.2,5.000339100000001,p300_sig_id_1
15:25.2,5.000339100000001,p300_sig_id_1
15:25.2,5.000339100000001,p300_sig_id_1
15:25.2,5.000339100000001,p300_sig_id_1
15:25.2,5.000339100000001,p300_sig_id_1
15:25.2,5.000339100000001,p300_sig_id_1
15:25.2,5.000339100000001,p300_sig_id_1
15:25.2,5.000339100000001,p300_sig_id_1
15:25.2,5.000339100000001,p300_sig_id_1
15:25.2,5.000339100000001,p300_sig_id_1
15:25.2,5.000339100000001,p300_sig_id_1
15:25.3,5.000339100000001,p300_sig_id_1
15:25.3,5.000339100000001,p300_sig_id_1
15:25.3,5.000339100000001,p300_sig_id_1
15:25.3,5.000339100000001,p300_sig_id_1
15:25.3,5.000339100000001,p300_sig_id_1
15:25.3,5.000339100000001,p300_sig_id_1
15:25.3,5.000339100000001,p300_sig_id_1
15:25.3,5.000339100000001,p300_sig_id_1
15:25.3,5.000339100000001,p300_sig_id_1
15:25.3,5.000339100000001,p300_sig_id_1
15:25.3,5.000339100000001,p300_sig_id_1
15:25.3,5.000339100000001,p300_sig_id_1
15:25.3,5.000339100000001,p300_sig_id_1
15:25.3,5.000339100000001,p300_sig_id_1
15:25.3,5.000339100000001,p300_sig_id_1
15:25.3,5.000339100000001,p300_sig_id_1
15:25.3,5.000339100000001,p300_sig_id_1
15:25.3,5.000339100000001,p300_sig_id_1
15:25.3,5.000339100000001,p300_sig_id_1
15:25.3,5.000339100000001,p300_sig_id_1
15:25.3,5.000339100000001,p300_sig_id_1
15:25.3,5.000339100000001,p300_sig_id_1
15:25.3,5.000339100000001,p300_sig_id_1
15:25.3,5.000339100000001,p300_sig_id_1
15:25.4,5.000339100000001,p300_sig_id_1
15:25.4,5.000339100000001,p300_sig_id_1
15:25.4,5.000339100000001,p300_sig_id_1
15:25.4,5.000339100000001,p300_sig_id_1
15:25.4,5.000339100000001,p300_sig_id_1
15:25.4,5.000339100000001,p300_sig_id_1
15:25.4,5.000339100000001,p300_sig_id_1
15:25.4,5.000339100000001,p300_sig_id_1
15:25.4,5.000339100000001,p300_sig_id_1
15:25.4,5.000339100000001,p300_sig_id_1
15:25.4,5.000339100000001,p300_sig_id_1
15:25.4,5.000339100000001,p300_sig_id_1
15:25.4,5.000339100000001,p300_sig_id_1
15:25.4,5.000339100000001,p300_sig_id_1
15:25.4,5.000339100000001,p300_sig_id_1
15:25.4,5.000339100000001,p300_sig_id_1
15:25.4,5.000339100000001,p300_sig_id_1
15:25.4,5.000339100000001,p300_sig_id_1
15:25.4,5.000339100000001,p300_sig_id_1
15:25.4,5.000339100000001,p300_sig_id_1
15:25.4,5.000339100000001,p300_sig_id_1
15:25.4,5.000339100000001,p300_sig_id_1
15:25.4,5.000339100000001,p300_sig_id_1
15:25.4,5.000339100000001,p300_sig_id_1
15:25.5,5.000339100000001,p300_sig_id_1
15:25.5,5.000339100000001,p300_sig_id_1
15:25.5,5.000339100000001,p300_sig_id_1
15:25.5,5.000339100000001,p300_sig_id_1
15:25.5,5.000339100000001,p300_sig_id_1
15:25.5,5.000339100000001,p300_sig_id_1
15:25.5,5.000339100000001,p300_sig_id_1
15:25.5,4.96418647,p300_sig_id_1
15:25.5,4.96418647,p300_sig_id_1
15:25.5,4.96418647,p300_sig_id_1
15:25.5,4.96418647,p300_sig_id_1
15:25.5,4.96418647,p300_sig_id_1
15:25.5,4.96418647,p300_sig_id_1
15:25.5,4.96418647,p300_sig_id_1
15:25.5,4.96418647,p300_sig_id_1
15:25.5,4.96418647,p300_sig_id_1
15:25.5,4.96418647,p300_sig_id_1
15:25.5,4.96418647,p300_sig_id_1
15:25.5,4.96418647,p300_sig_id_1
15:25.5,4.96418647,p300_sig_id_1
15:25.5,4.96418647,p300_sig_id_1
15:25.5,4.96418647,p300_sig_id_1
15:25.5,4.96418647,p300_sig_id_1
15:25.5,4.96418647,p300_sig_id_1
15:25.6,4.96418647,p300_sig_id_1
15:25.6,4.96418647,p300_sig_id_1
15:25.6,4.96418647,p300_sig_id_1
15:25.6,4.96418647,p300_sig_id_1
15:25.6,4.96418647,p300_sig_id_1
15:25.6,4.96418647,p300_sig_id_1
15:25.6,4.96418647,p300_sig_id_1
15:25.6,4.96418647,p300_sig_id_1
15:25.6,4.96418647,p300_sig_id_1
15:25.6,4.7561207,p300_sig_id_1
15:25.6,4.7561207,p300_sig_id_1
15:25.6,4.7561207,p300_sig_id_1
15:25.6,4.7561207,p300_sig_id_1
15:25.6,4.7561207,p300_sig_id_1
15:25.6,4.7561207,p300_sig_id_1
15:25.6,4.7561207,p300_sig_id_1
15:25.6,4.7561207,p300_sig_id_1
15:25.6,4.7561207,p300_sig_id_1
15:25.6,4.7561207,p300_sig_id_1
15:25.6,4.7561207,p300_sig_id_1
15:25.6,4.7561207,p300_sig_id_1
15:25.6,4.7561207,p300_sig_id_1
15:25.6,4.7561207,p300_sig_id_1
15:25.6,4.7561207,p300_sig_id_1
15:25.7,4.7561207,p300_sig_id_1
15:25.7,4.7561207,p300_sig_id_1
15:25.7,4.7561207,p300_sig_id_1
15:25.7,4.7561207,p300_sig_id_1
15:25.7,4.7561207,p300_sig_id_1
15:25.7,4.7561207,p300_sig_id_1
15:25.7,4.7561207,p300_sig_id_1
15:25.7,4.7561207,p300_sig_id_1
15:25.7,4.7561207,p300_sig_id_1
15:25.7,4.7561207,p300_sig_id_1
15:25.7,4.7561207,p300_sig_id_1
15:25.7,4.57609286,p300_sig_id_1
15:25.7,4.57609286,p300_sig_id_1
